BioProject	SRA	BioSample	treatment	tissue	stage	cultivar	code	temperature	attributes
PRJDB5606	DRR095904	SAMD00076255	NA	NA	NA	PR202	Illumina_RNA_ctl_1	NA	sample name:Eleusine coracana sub. coracana PR202; collection date:missing; cultivar:PR202; env broad scale:missing; env local scale:missing; env medium:soil and air; estimated size:1.4Gb; geo loc name:India; isol growth condt:missing; lat lon:missing; locus tag prefix:PR202; num replicons:missing; ploidy:allotetraploid; project name:Finger miellt genome assembly; propagation:missing; sub species:coracana
PRJDB5606	DRR095905	SAMD00076255	NA	NA	NA	PR202	Illumina_RNA_ctl_2	NA	sample name:Eleusine coracana sub. coracana PR202; collection date:missing; cultivar:PR202; env broad scale:missing; env local scale:missing; env medium:soil and air; estimated size:1.4Gb; geo loc name:India; isol growth condt:missing; lat lon:missing; locus tag prefix:PR202; num replicons:missing; ploidy:allotetraploid; project name:Finger miellt genome assembly; propagation:missing; sub species:coracana
PRJDB5606	DRR095906	SAMD00076255	NA	NA	NA	PR202	Illumina_RNA_ctl_3	NA	sample name:Eleusine coracana sub. coracana PR202; collection date:missing; cultivar:PR202; env broad scale:missing; env local scale:missing; env medium:soil and air; estimated size:1.4Gb; geo loc name:India; isol growth condt:missing; lat lon:missing; locus tag prefix:PR202; num replicons:missing; ploidy:allotetraploid; project name:Finger miellt genome assembly; propagation:missing; sub species:coracana
PRJDB5606	DRR095907	SAMD00076255	NA	NA	NA	PR202	Illumina_RNA_dry_1	NA	sample name:Eleusine coracana sub. coracana PR202; collection date:missing; cultivar:PR202; env broad scale:missing; env local scale:missing; env medium:soil and air; estimated size:1.4Gb; geo loc name:India; isol growth condt:missing; lat lon:missing; locus tag prefix:PR202; num replicons:missing; ploidy:allotetraploid; project name:Finger miellt genome assembly; propagation:missing; sub species:coracana
PRJDB5606	DRR095908	SAMD00076255	NA	NA	NA	PR202	Illumina_RNA_dry_2	NA	sample name:Eleusine coracana sub. coracana PR202; collection date:missing; cultivar:PR202; env broad scale:missing; env local scale:missing; env medium:soil and air; estimated size:1.4Gb; geo loc name:India; isol growth condt:missing; lat lon:missing; locus tag prefix:PR202; num replicons:missing; ploidy:allotetraploid; project name:Finger miellt genome assembly; propagation:missing; sub species:coracana
PRJDB5606	DRR095909	SAMD00076255	NA	NA	NA	PR202	Illumina_RNA_dry_3	NA	sample name:Eleusine coracana sub. coracana PR202; collection date:missing; cultivar:PR202; env broad scale:missing; env local scale:missing; env medium:soil and air; estimated size:1.4Gb; geo loc name:India; isol growth condt:missing; lat lon:missing; locus tag prefix:PR202; num replicons:missing; ploidy:allotetraploid; project name:Finger miellt genome assembly; propagation:missing; sub species:coracana
PRJEB21674	ERR2040786	SAMEA104170830	NA	NA	NA	NA	unspecified	NA	ENA first public:2017-07-23; ENA last update:2017-07-23; ENA-CHECKLIST:ERC000011; External Id:SAMEA104170830; INSDC center alias:Department of Biological Sciences; INSDC center name:Department of Biological Sciences; INSDC first public:2017-07-23T17:01:29Z; INSDC last update:2017-07-23T05:36:39Z; INSDC status:public; Submitter Id:TIJL; common name:finger millet; sample name:TIJL; sequencer:HiSeq; source mat id:M.K. Deyholos 2016-124; tissue type:leaf unstressed
PRJEB21674	ERR2040787	SAMEA104170831	NA	NA	NA	NA	unspecified	NA	ENA first public:2017-07-23; ENA last update:2017-07-23; ENA-CHECKLIST:ERC000011; External Id:SAMEA104170831; INSDC center alias:Department of Biological Sciences; INSDC center name:Department of Biological Sciences; INSDC first public:2017-07-23T17:01:29Z; INSDC last update:2017-07-23T05:36:39Z; INSDC status:public; Submitter Id:OMXG; common name:finger millet; sample name:OMXG; sequencer:HiSeq; source mat id:M.K. Deyholos 2016-124; tissue type:root unstressed
PRJEB21674	ERR2040788	SAMEA104170832	NA	NA	NA	NA	unspecified	NA	ENA first public:2017-07-23; ENA last update:2017-07-23; ENA-CHECKLIST:ERC000011; External Id:SAMEA104170832; INSDC center alias:Department of Biological Sciences; INSDC center name:Department of Biological Sciences; INSDC first public:2017-07-23T17:01:29Z; INSDC last update:2017-07-23T05:36:39Z; INSDC status:public; Submitter Id:CXSJ; common name:finger millet; sample name:CXSJ; sequencer:HiSeq; source mat id:M.K. Deyholos 2016-124; tissue type:root drought
PRJEB21674	ERR2040789	SAMEA104170833	NA	NA	NA	NA	unspecified	NA	ENA first public:2017-07-23; ENA last update:2017-07-23; ENA-CHECKLIST:ERC000011; External Id:SAMEA104170833; INSDC center alias:Department of Biological Sciences; INSDC center name:Department of Biological Sciences; INSDC first public:2017-07-23T17:01:29Z; INSDC last update:2017-07-23T05:36:39Z; INSDC status:public; Submitter Id:PZAP; common name:finger millet; sample name:PZAP; sequencer:HiSeq; source mat id:M.K. Deyholos 2016-125; tissue type:flower
PRJNA229808	SRR1038435	SAMN02420129	NA	NA	NA	ICRISAT IE6537	IE6537-W	NA	strain:ICRISAT IE6537; cultivar:ICRISAT IE6537; label:IE6537 stressed rep 01; age:26 days after sowing  plus 6 days; tissue type:shoot base including young leaves and meristem; sub species:coracana
PRJNA229808	SRR1038437	SAMN02420127	NA	NA	NA	ICRISAT IE6537	IE6537-S	NA	strain:ICRISAT IE6537; cultivar:ICRISAT IE6537; label:IE6537 control rep 01; age:26 days after sowing  plus 6 days; tissue type:shoot base including young leaves and meristem; sub species:coracana
PRJNA602616	SRR10948829	SAMN13899842	NA	seedling	seedling stage	NA	PEG_and_Silicon	NA	isolate:missing; cultivar:missing; ecotype:missing; age:14 Days; dev stage:Seedling; geo loc name:India: Satara; tissue:whole seedling; growth protocol:PEG and Silicon treated
PRJNA602616	SRR10948830	SAMN13899841	NA	seedling	seedling stage	NA	PEG	NA	isolate:missing; cultivar:missing; ecotype:missing; age:14 Days; dev stage:Seedling; geo loc name:India: Satara; tissue:whole seedling; growth protocol:PEG treated
PRJNA602616	SRR10948831	SAMN13899840	NA	seedling	seedling stage	NA	Silicon	NA	isolate:missing; cultivar:missing; ecotype:missing; age:14 Days; dev stage:Seedling; geo loc name:India: Satara; tissue:whole seedling; growth protocol:Silicon treated
PRJNA602616	SRR10948832	SAMN13899839	NA	seedling	seedling stage	NA	DW	NA	isolate:missing; cultivar:missing; ecotype:missing; age:14 Days; dev stage:Seedling; geo loc name:India: Satara; tissue:whole seedling; growth protocol:Distilled water irrigated
PRJNA236796	SRR1151079	SAMN02602924	NA	NA	NA	NA	LC	NA	label:HC; collection date:10/1/2012; geo loc name:India: Pant nagar; isolation source:Leaf Tissue; body site:Leaf; genotype:Low Calcium
PRJNA236796	SRR1151080	SAMN02602925	NA	NA	NA	NA	HC	NA	label:LC; collection date:10/1/2012; geo loc name:India: Pant nagar; isolation source:Leaf Tissue; body site:Leaf; genotype:Jigh Calcium
PRJNA236733	SRR1179187	SAMN02666787	NA	top two fully expanded and intact young leaf near shoot apex	NA	NA	7079-S	NA	source name:Leaf  CO12  without salinity stress; tissue:Top two fully expanded and intact young leaf near shoot apex
PRJNA236733	SRR1179188	SAMN02666788	NA	top two fully expanded and intact young leaf near shoot apex	NA	NA	6537-W2	NA	source name:Leaf  CO12  salinity stressed; tissue:Top two fully expanded and intact young leaf near shoot apex
PRJNA236733	SRR1179189	SAMN02666789	NA	top two fully expanded and intact young leaf near shoot apex	NA	NA	6537-W	NA	source name:Leaf  Trichy 1  without salinity stress; tissue:Top two fully expanded and intact young leaf near shoot apex
PRJNA236733	SRR1179190	SAMN02666790	NA	top two fully expanded and intact young leaf near shoot apex	NA	NA	6537-S2	NA	source name:Leaf  Trichy 1  salinity stressed; tissue:Top two fully expanded and intact young leaf near shoot apex
PRJNA648385	SRR12320327	SAMN15639204	Control	leaf	seedling stage	KAT FM 1	KAT_FM_18h_ctrl_R1.fastq	NA	cultivar:KAT FM 1; age:10 days; dev stage:Seedling; geo loc name:Kenya: Nairobi; tissue:Leaf; biomaterial provider:ICRISAT Nairobi  Kenya; collected by:Davis Gimode; disease:Finger millet blast (Magnaporthe grisea); disease stage:18 hours post innoculation; growth protocol:Humid chamber &amp; gt; 90% RH; phenotype:Susceptible; treatment:Control; order of sample collection:Sample index 10 read 1
PRJNA648385	SRR12320329	SAMN15639200	Innoculated	leaf	seedling stage	ACC 230105	ACC_18h_inoc_R1.fastq	NA	cultivar:ACC 230105; age:10 days; dev stage:Seedling; geo loc name:Kenya: Nairobi; tissue:Leaf; biomaterial provider:ICRISAT Nairobi  Kenya; collected by:Davis Gimode; disease:Finger millet blast (Magnaporthe grisea); disease stage:18 hours post innoculation; growth protocol:Humid chamber &amp; gt; 90% RH; phenotype:Susceptible; treatment:Innoculated; order of sample collection:Sample index 8 read 1
PRJNA648385	SRR12320330	SAMN15639198	Innoculated	leaf	seedling stage	BKFM 0031	BK_FM_18h_inoc_R1.fastq	NA	cultivar:BKFM 0031; age:10 days; dev stage:Seedling; geo loc name:Kenya: Nairobi; tissue:Leaf; biomaterial provider:ICRISAT Nairobi  Kenya; collected by:Davis Gimode; disease:Finger millet blast (Magnaporthe grisea); disease stage:18 hours post innoculation; growth protocol:Humid chamber &amp; gt; 90% RH; phenotype:Resistant; treatment:Innoculated; order of sample collection:Sample index 7 read 1
PRJNA648385	SRR12320331	SAMN15639196	Innoculated	leaf	seedling stage	KAT FM 1	KAT_FM_18h_inoc_R1.fastq	NA	cultivar:KAT FM 1; age:10 days; dev stage:Seedling; geo loc name:Kenya: Nairobi; tissue:Leaf; biomaterial provider:ICRISAT Nairobi  Kenya; collected by:Davis Gimode; disease:Finger millet blast (Magnaporthe grisea); disease stage:18 hours post innoculation; growth protocol:Humid chamber &amp; gt; 90% RH; phenotype:Susceptible; treatment:Innoculated; order of sample collection:Sample index 6 read 1
PRJNA648385	SRR12320332	SAMN15639194	Innoculated	leaf	seedling stage	GBK 033368	GBK_18h_inoc_R1.fastq	NA	cultivar:GBK 033368; age:10 days; dev stage:Seedling; geo loc name:Kenya: Nairobi; tissue:Leaf; biomaterial provider:ICRISAT Nairobi  Kenya; collected by:Davis Gimode; disease:Finger millet blast (Magnaporthe grisea); disease stage:18 hours post innoculation; growth protocol:Humid chamber &amp; gt; 90% RH; phenotype:Resistant; treatment:Innoculated; order of sample collection:Sample index 5 read 1
PRJNA648385	SRR12320333	SAMN15639192	Control	leaf	seedling stage	ACC 230105	ACC_0h_ctrl_R1.fastq	NA	cultivar:ACC 230105; age:10 days; dev stage:Seedling; geo loc name:Kenya: Nairobi; tissue:Leaf; biomaterial provider:ICRISAT Nairobi  Kenya; collected by:Davis Gimode; disease:Finger millet blast (Magnaporthe grisea); disease stage:0 hours post innoculation; growth protocol:Humid chamber &amp; gt; 90% RH; phenotype:Susceptible; treatment:Control; order of sample collection:Sample index 4 read 1
PRJNA648385	SRR12320335	SAMN15639238	Control	leaf	seedling stage	BKFM 0031	BK_FM_72h_ctrl_R1.fastq	NA	cultivar:BKFM 0031; age:10 days; dev stage:Seedling; geo loc name:Kenya: Nairobi; tissue:Leaf; biomaterial provider:ICRISAT Nairobi  Kenya; collected by:Davis Gimode; disease:Finger millet blast (Magnaporthe grisea); disease stage:72 hours post innoculation; growth protocol:Humid chamber &amp; gt; 90% RH; phenotype:Resistant; treatment:Control; order of sample collection:Sample index 27 read 1
PRJNA648385	SRR12320336	SAMN15639236	Innoculated	leaf	seedling stage	ACC 230105	ACC_72h_inoc_R1.fastq	NA	cultivar:ACC 230105; age:10 days; dev stage:Seedling; geo loc name:Kenya: Nairobi; tissue:Leaf; biomaterial provider:ICRISAT Nairobi  Kenya; collected by:Davis Gimode; disease:Finger millet blast (Magnaporthe grisea); disease stage:72 hours post innoculation; growth protocol:Humid chamber &amp; gt; 90% RH; phenotype:Susceptible; treatment:Innoculated; order of sample collection:Sample index 26 read 1
PRJNA648385	SRR12320337	SAMN15639234	Innoculated	leaf	seedling stage	BKFM 0031	BK_FM_72h_inoc_R1.fastq	NA	cultivar:BKFM 0031; age:10 days; dev stage:Seedling; geo loc name:Kenya: Nairobi; tissue:Leaf; biomaterial provider:ICRISAT Nairobi  Kenya; collected by:Davis Gimode; disease:Finger millet blast (Magnaporthe grisea); disease stage:72 hours post innoculation; growth protocol:Humid chamber &amp; gt; 90% RH; phenotype:Resistant; treatment:Innoculated; order of sample collection:Sample index 25 read 1
PRJNA648385	SRR12320338	SAMN15639232	Control	leaf	seedling stage	KAT FM 1	KAT_FM_72h_ctrl_R1.fastq	NA	cultivar:KAT FM 1; age:10 days; dev stage:Seedling; geo loc name:Kenya: Nairobi; tissue:Leaf; biomaterial provider:ICRISAT Nairobi  Kenya; collected by:Davis Gimode; disease:Finger millet blast (Magnaporthe grisea); disease stage:72 hours post innoculation; growth protocol:Humid chamber &amp; gt; 90% RH; phenotype:Susceptible; treatment:Control; order of sample collection:Sample index 24 read 1
PRJNA648385	SRR12320339	SAMN15639230	Control	leaf	seedling stage	GBK 033368	GBK_72h_ctrl_R1.fastq	NA	cultivar:GBK 033368; age:10 days; dev stage:Seedling; geo loc name:Kenya: Nairobi; tissue:Leaf; biomaterial provider:ICRISAT Nairobi  Kenya; collected by:Davis Gimode; disease:Finger millet blast (Magnaporthe grisea); disease stage:72 hours post innoculation; growth protocol:Humid chamber &amp; gt; 90% RH; phenotype:Resistant; treatment:Control; order of sample collection:Sample index 23 read 1
PRJNA648385	SRR12320340	SAMN15639228	Innoculated	leaf	seedling stage	KAT FM 1	KAT_FM_72h_inoc_R1.fastq	NA	cultivar:KAT FM 1; age:10 days; dev stage:Seedling; geo loc name:Kenya: Nairobi; tissue:Leaf; biomaterial provider:ICRISAT Nairobi  Kenya; collected by:Davis Gimode; disease:Finger millet blast (Magnaporthe grisea); disease stage:72 hours post innoculation; growth protocol:Humid chamber &amp; gt; 90% RH; phenotype:Susceptible; treatment:Innoculated; order of sample collection:Sample index 22 read 1
PRJNA648385	SRR12320341	SAMN15639226	Innoculated	leaf	seedling stage	GBK 033368	GBK_72h_inoc_R1.fastq	NA	cultivar:GBK 033368; age:10 days; dev stage:Seedling; geo loc name:Kenya: Nairobi; tissue:Leaf; biomaterial provider:ICRISAT Nairobi  Kenya; collected by:Davis Gimode; disease:Finger millet blast (Magnaporthe grisea); disease stage:72 hours post innoculation; growth protocol:Humid chamber &amp; gt; 90% RH; phenotype:Resistant; treatment:Innoculated; order of sample collection:Sample index 21 read 1
PRJNA648385	SRR12320342	SAMN15639190	Control	leaf	seedling stage	BKFM 0031	BK_FM_0h_ctrl_R1.fastq	NA	cultivar:BKFM 0031; age:10 days; dev stage:Seedling; geo loc name:Kenya: Nairobi; tissue:Leaf; biomaterial provider:ICRISAT Nairobi  Kenya; collected by:Davis Gimode; disease:Finger millet blast (Magnaporthe grisea); disease stage:0 hours post innoculation; growth protocol:Humid chamber &amp; gt; 90% RH; phenotype:Resistant; treatment:Control; order of sample collection:Sample index 3 read 1
PRJNA648385	SRR12320343	SAMN15639224	Control	leaf	seedling stage	ACC 230105	ACC_36h_ctrl_R1.fastq	NA	cultivar:ACC 230105; age:10 days; dev stage:Seedling; geo loc name:Kenya: Nairobi; tissue:Leaf; biomaterial provider:ICRISAT Nairobi  Kenya; collected by:Davis Gimode; disease:Finger millet blast (Magnaporthe grisea); disease stage:36 hours post innoculation; growth protocol:Humid chamber &amp; gt; 90% RH; phenotype:Susceptible; treatment:Control; order of sample collection:Sample index 20 read 1
PRJNA648385	SRR12320344	SAMN15639222	Control	leaf	seedling stage	BKFM 0031	BK_FM_36h_ctrl_R1.fastq	NA	cultivar:BKFM 0031; age:10 days; dev stage:Seedling; geo loc name:Kenya: Nairobi; tissue:Leaf; biomaterial provider:ICRISAT Nairobi  Kenya; collected by:Davis Gimode; disease:Finger millet blast (Magnaporthe grisea); disease stage:36 hours post innoculation; growth protocol:Humid chamber &amp; gt; 90% RH; phenotype:Resistant; treatment:Control; order of sample collection:Sample index 19 read 1
PRJNA648385	SRR12320345	SAMN15639220	Control	leaf	seedling stage	KAT FM 1	KAT_FM_36h_ctrl_R1.fastq	NA	cultivar:KAT FM 1; age:10 days; dev stage:Seedling; geo loc name:Kenya: Nairobi; tissue:Leaf; biomaterial provider:ICRISAT Nairobi  Kenya; collected by:Davis Gimode; disease:Finger millet blast (Magnaporthe grisea); disease stage:36 hours post innoculation; growth protocol:Humid chamber &amp; gt; 90% RH; phenotype:Susceptible; treatment:Control; order of sample collection:Sample index 18 read 1
PRJNA648385	SRR12320346	SAMN15639218	Control	leaf	seedling stage	GBK 033368	GBK_36h_ctrl_R1.fastq	NA	cultivar:GBK 033368; age:10 days; dev stage:Seedling; geo loc name:Kenya: Nairobi; tissue:Leaf; biomaterial provider:ICRISAT Nairobi  Kenya; collected by:Davis Gimode; disease:Finger millet blast (Magnaporthe grisea); disease stage:36 hours post innoculation; growth protocol:Humid chamber &amp; gt; 90% RH; phenotype:Resistant; treatment:Control; order of sample collection:Sample index 17 read 1
PRJNA648385	SRR12320347	SAMN15639216	Innoculated	leaf	seedling stage	ACC 230105	ACC_36h_inoc_R1.fastq	NA	cultivar:ACC 230105; age:10 days; dev stage:Seedling; geo loc name:Kenya: Nairobi; tissue:Leaf; biomaterial provider:ICRISAT Nairobi  Kenya; collected by:Davis Gimode; disease:Finger millet blast (Magnaporthe grisea); disease stage:36 hours post innoculation; growth protocol:Humid chamber &amp; gt; 90% RH; phenotype:Susceptible; treatment:Innoculated; order of sample collection:Sample index 16 read 1
PRJNA648385	SRR12320348	SAMN15639214	Innoculated	leaf	seedling stage	BKFM 0031	BK_FM_36h_inoc_R1.fastq	NA	cultivar:BKFM 0031; age:10 days; dev stage:Seedling; geo loc name:Kenya: Nairobi; tissue:Leaf; biomaterial provider:ICRISAT Nairobi  Kenya; collected by:Davis Gimode; disease:Finger millet blast (Magnaporthe grisea); disease stage:36 hours post innoculation; growth protocol:Humid chamber &amp; gt; 90% RH; phenotype:Resistant; treatment:Innoculated; order of sample collection:Sample index 15 read 1
PRJNA648385	SRR12320349	SAMN15639212	Innoculated	leaf	seedling stage	KAT FM 1	KAT_FM_36h_inoc_R1.fastq	NA	cultivar:KAT FM 1; age:10 days; dev stage:Seedling; geo loc name:Kenya: Nairobi; tissue:Leaf; biomaterial provider:ICRISAT Nairobi  Kenya; collected by:Davis Gimode; disease:Finger millet blast (Magnaporthe grisea); disease stage:36 hours post innoculation; growth protocol:Humid chamber &amp; gt; 90% RH; phenotype:Susceptible; treatment:Innoculated; order of sample collection:Sample index 14 read 1
PRJNA648385	SRR12320350	SAMN15639210	Innoculated	leaf	seedling stage	GBK 033368	GBK_36h_inoc_R1.fastq	NA	cultivar:GBK 033368; age:10 days; dev stage:Seedling; geo loc name:Kenya: Nairobi; tissue:Leaf; biomaterial provider:ICRISAT Nairobi  Kenya; collected by:Davis Gimode; disease:Finger millet blast (Magnaporthe grisea); disease stage:36 hours post innoculation; growth protocol:Humid chamber &amp; gt; 90% RH; phenotype:Resistant; treatment:Innoculated; order of sample collection:Sample index 13 read 1
PRJNA648385	SRR12320351	SAMN15639208	Control	leaf	seedling stage	ACC 230105	ACC_18h_ctrl_R1.fastq	NA	cultivar:ACC 230105; age:10 days; dev stage:Seedling; geo loc name:Kenya: Nairobi; tissue:Leaf; biomaterial provider:ICRISAT Nairobi  Kenya; collected by:Davis Gimode; disease:Finger millet blast (Magnaporthe grisea); disease stage:18 hours post innoculation; growth protocol:Humid chamber &amp; gt; 90% RH; phenotype:Susceptible; treatment:Control; order of sample collection:Sample index 12 read 1
PRJNA648385	SRR12320352	SAMN15639206	Control	leaf	seedling stage	BKFM 0031	BK_FM_18h_ctrl_R1.fastq	NA	cultivar:BKFM 0031; age:10 days; dev stage:Seedling; geo loc name:Kenya: Nairobi; tissue:Leaf; biomaterial provider:ICRISAT Nairobi  Kenya; collected by:Davis Gimode; disease:Finger millet blast (Magnaporthe grisea); disease stage:18 hours post innoculation; growth protocol:Humid chamber &amp; gt; 90% RH; phenotype:Resistant; treatment:Control; order of sample collection:Sample index 11 read 1
PRJNA648385	SRR12320353	SAMN15639188	Control	leaf	seedling stage	KAT FM 1	KAT_FM_0h_ctrl_R1.fastq	NA	cultivar:KAT FM 1; age:10 days; dev stage:Seedling; geo loc name:Kenya: Nairobi; tissue:Leaf; biomaterial provider:ICRISAT Nairobi  Kenya; collected by:Davis Gimode; disease:Finger millet blast (Magnaporthe grisea); disease stage:0 hours post innoculation; growth protocol:Humid chamber &amp; gt; 90% RH; phenotype:Susceptible; treatment:Control; order of sample collection:Sample index 2 read 1
PRJNA648385	SRR12320354	SAMN15639186	Control	leaf	seedling stage	GBK 033368	GBK_0h_ctrl_R1.fastq	NA	cultivar:GBK 033368; age:10 days; dev stage:Seedling; geo loc name:Kenya: Nairobi; tissue:Leaf; biomaterial provider:ICRISAT Nairobi  Kenya; collected by:Davis Gimode; disease:Finger millet blast (Magnaporthe grisea); disease stage:0 hours post innoculation; growth protocol:Humid chamber &amp; gt; 90% RH; phenotype:Resistant; treatment:Control; order of sample collection:Sample index 1 read 1
PRJNA268401	SRR1663469	SAMN03222587	NA	leaf	15 days	NA	Finger-P_PR_202	NA	isolate:finger-P PR 202; dev stage:15 days old leaves; geo loc name:India; tissue:leaves
PRJNA268401	SRR1663470	SAMN03222588	NA	leaf	15 days	NA	Finger_millet_GPU28	NA	isolate:finger-millet GPU28; dev stage:15 days old leaves; geo loc name:India; tissue:Leaves
PRJNA839867	SRR19328872	SAMN28557040	NA	leaf	NA	landrace	S238323	NA	isolate:not collected; cultivar:landrace; ecotype:not collected; age:not collected; development stage:not collected; geographic location:Zimbabwe; tissue:leaves; sequencing method:individual; biomaterial provider:not collected; cell line:not collected; cell type:not collected; collected by:not collected; collection date:not collected; culture collection:not collected; disease:not collected; genotype:not collected; growth protocol:not collected; height or length:not collected; isolation source:not collected; latitude and longitude:not collected; phenotype:not collected; population:not collected; sample type:not collected; sex:not collected; specimen voucher:not collected; temeprature:not collected; treatment:not collected; sample description:not collected; Accession:238323
PRJNA839867	SRR19328873	SAMN28557039	NA	leaf	NA	landrace	S215804	NA	isolate:not collected; cultivar:landrace; ecotype:not collected; age:not collected; development stage:not collected; geographic location:Zimbabwe; tissue:leaves; sequencing method:individual; biomaterial provider:not collected; cell line:not collected; cell type:not collected; collected by:not collected; collection date:not collected; culture collection:not collected; disease:not collected; genotype:not collected; growth protocol:not collected; height or length:not collected; isolation source:not collected; latitude and longitude:not collected; phenotype:not collected; population:not collected; sample type:not collected; sex:not collected; specimen voucher:not collected; temeprature:not collected; treatment:not collected; sample description:not collected; Accession:215804
PRJNA839867	SRR19328874	SAMN28557038	NA	leaf	NA	landrace	S212462	NA	isolate:not collected; cultivar:landrace; ecotype:not collected; age:not collected; development stage:not collected; geographic location:Zimbabwe; tissue:leaves; sequencing method:individual; biomaterial provider:not collected; cell line:not collected; cell type:not collected; collected by:not collected; collection date:not collected; culture collection:not collected; disease:not collected; genotype:not collected; growth protocol:not collected; height or length:not collected; isolation source:not collected; latitude and longitude:not collected; phenotype:not collected; population:not collected; sample type:not collected; sex:not collected; specimen voucher:not collected; temeprature:not collected; treatment:not collected; sample description:not collected; Accession:212462
PRJNA839867	SRR19328875	SAMN28557037	NA	leaf	NA	landrace	S229722	NA	isolate:not collected; cultivar:landrace; ecotype:not collected; age:not collected; development stage:not collected; geographic location:Zimbabwe; tissue:leaves; sequencing method:individual; biomaterial provider:not collected; cell line:not collected; cell type:not collected; collected by:not collected; collection date:not collected; culture collection:not collected; disease:not collected; genotype:not collected; growth protocol:not collected; height or length:not collected; isolation source:not collected; latitude and longitude:not collected; phenotype:not collected; population:not collected; sample type:not collected; sex:not collected; specimen voucher:not collected; temeprature:not collected; treatment:not collected; sample description:not collected; Accession:229722
PRJNA839867	SRR19328876	SAMN28557036	NA	leaf	NA	landrace	S215845	NA	isolate:not collected; cultivar:landrace; ecotype:not collected; age:not collected; development stage:not collected; geographic location:Zimbabwe; tissue:leaves; sequencing method:individual; biomaterial provider:not collected; cell line:not collected; cell type:not collected; collected by:not collected; collection date:not collected; culture collection:not collected; disease:not collected; genotype:not collected; growth protocol:not collected; height or length:not collected; isolation source:not collected; latitude and longitude:not collected; phenotype:not collected; population:not collected; sample type:not collected; sex:not collected; specimen voucher:not collected; temeprature:not collected; treatment:not collected; sample description:not collected; Accession:215845
PRJNA839867	SRR19328877	SAMN28557035	NA	leaf	NA	landrace	S215836	NA	isolate:not collected; cultivar:landrace; ecotype:not collected; age:not collected; development stage:not collected; geographic location:Zimbabwe; tissue:leaves; sequencing method:individual; biomaterial provider:not collected; cell line:not collected; cell type:not collected; collected by:not collected; collection date:not collected; culture collection:not collected; disease:not collected; genotype:not collected; growth protocol:not collected; height or length:not collected; isolation source:not collected; latitude and longitude:not collected; phenotype:not collected; population:not collected; sample type:not collected; sex:not collected; specimen voucher:not collected; temeprature:not collected; treatment:not collected; sample description:not collected; Accession:215836
PRJNA282578	SRR2001609	SAMN03570341	Drought	leaf	early stage of plant	GPU 28	Eleusine_coracana	NA	cultivar:GPU 28; age:six week old; geo loc name:India; tissue:leaf; treatment:Drought; cultivar:GPU 28; dev stage:early stage of plant; geo loc name:India; tissue:Leaf; collected by:University of Agricultural Sciences  bangalore
PRJNA282578	SRR2001830	SAMN03570341	Drought	leaf	early stage of plant	GPU 28	Eleusine_coracana	NA	cultivar:GPU 28; age:six week old; geo loc name:India; tissue:leaf; treatment:Drought; cultivar:GPU 28; dev stage:early stage of plant; geo loc name:India; tissue:Leaf; collected by:University of Agricultural Sciences  bangalore
PRJNA1080237	SRR28087321	SAMN40122542	NA	leaf	NA	GE449-p4	J4	NA	isolate:J4-p; cultivar:GE449-p4; age:NA; collection date:2022-06-24; geo loc name:NA; tissue:leaf
PRJNA1080237	SRR28087322	SAMN40122541	NA	leaf	NA	GE449-p3	J3-2	NA	isolate:J3-2-p; cultivar:GE449-p3; age:NA; collection date:2022-06-23; geo loc name:NA; tissue:leaf
PRJNA1080237	SRR28087323	SAMN40122540	NA	leaf	NA	GE449-p2	J3-1	NA	isolate:J3-1-p; cultivar:GE449-p2; age:NA; collection date:2022-06-22; geo loc name:NA; tissue:leaf
PRJNA1080237	SRR28087324	SAMN40122539	NA	leaf	NA	GE449-p1	J3	NA	isolate:J3-p; cultivar:GE449-p1; age:NA; collection date:2022-06-21; geo loc name:NA; tissue:leaf
PRJNA1080237	SRR28087325	SAMN40122538	NA	leaf	NA	IE2911-p6	J2-2	NA	isolate:J2-2-p; cultivar:IE2911-p6; age:NA; collection date:2022-06-20; geo loc name:NA; tissue:leaf
PRJNA1080237	SRR28087326	SAMN40122537	NA	leaf	NA	IE2911-p5	J2-1	NA	isolate:J2-1-p; cultivar:IE2911-p5; age:NA; collection date:2022-06-19; geo loc name:NA; tissue:leaf
PRJNA1080237	SRR28087327	SAMN40122536	NA	leaf	NA	IE2911-p4	J2	NA	isolate:J2-p; cultivar:IE2911-p4; age:NA; collection date:2022-06-18; geo loc name:NA; tissue:leaf
PRJNA1080237	SRR28087328	SAMN40122535	NA	leaf	NA	IE2911-p3	J1-3	NA	isolate:J1-3-p; cultivar:IE2911-p3; age:NA; collection date:2022-06-17; geo loc name:NA; tissue:leaf
PRJNA1080237	SRR28087329	SAMN40122544	NA	leaf	NA	GE449-p6	J4-2	NA	isolate:J4-2-p; cultivar:GE449-p6; age:NA; collection date:2022-06-26; geo loc name:NA; tissue:leaf
PRJNA1080237	SRR28087330	SAMN40122543	NA	leaf	NA	GE449-p5	J4-1	NA	isolate:J4-1-p; cultivar:GE449-p5; age:NA; collection date:2022-06-25; geo loc name:NA; tissue:leaf
PRJNA1080237	SRR28087332	SAMN40122533	NA	leaf	NA	IE2911-p1	J1	NA	isolate:J1-p; cultivar:IE2911-p1; age:NA; collection date:2022-06-15; geo loc name:NA; tissue:leaf
PRJNA310802	SRR3146431	SAMN04457481	25°C	leaf	seedling stage	NA	KJNS46-_Control	NA	isolate:monoisolate; cultivar:missing; ecotype:missing; dev stage:seedling; geo loc name:not applicable; tissue:Leaf; phenotype:heat suseptible; sample type:KJNS-C; treatment:25
PRJNA310802	SRR3146438	SAMN04457482	42°C	leaf	seedling stage	NA	KJNS46_Heat_Treatment	NA	isolate:monoisolate; cultivar:missing; ecotype:missing; dev stage:seedling; geo loc name:not applicable; tissue:Leaf; phenotype:heat suseptible; sample type:KJNS-T; treatment:42
PRJNA310802	SRR3156038	SAMN04457483	25°C	leaf	seedling stage	NA	PES110_Control	NA	isolate:monoisolate; cultivar:missing; ecotype:missing; dev stage:seedling; geo loc name:not applicable; tissue:Leaf; phenotype:heat tolerant; sample type:PES-C; treatment:25
PRJNA310802	SRR3156044	SAMN04457484	42°C	leaf	seedling stage	NA	PES110_Heat_Treatment	NA	isolate:monoisolate; cultivar:missing; ecotype:missing; dev stage:seedling; geo loc name:not applicable; tissue:Leaf; phenotype:heat tolerant; sample type:PES-T; treatment:42
PRJNA1279063	SRR34026568	SAMN49375725	NA	NA	NA	NA	FM6-48M-3	NA	isolate:AAUFM44; host:Eleusine coracana; collection date:2020-01; geo loc name:USA; sample type:tissue sample; specimen voucher:EGFP-E2 mock control at 48 hrs replicate 3
PRJNA1279063	SRR34026569	SAMN49375724	NA	NA	NA	NA	FM6-48M-2	NA	isolate:AAUFM44; host:Eleusine coracana; collection date:2020-01; geo loc name:USA; sample type:tissue sample; specimen voucher:EGFP-E2 mock control at 48 hrs replicate 2
PRJNA1279063	SRR34026570	SAMN49375723	NA	NA	NA	NA	FM6-48M-1	NA	isolate:AAUFM44; host:Eleusine coracana; collection date:2020-01; geo loc name:USA; sample type:tissue sample; specimen voucher:EGFP-E2 mock control at 48 hrs replicate 1
PRJNA1279063	SRR34026571	SAMN49375722	NA	NA	NA	NA	FM6-48-18	NA	isolate:AAUFM44; host:Eleusine coracana; collection date:2020-01; geo loc name:USA; sample type:tissue sample; specimen voucher:EGFP-E2 infection at 48 hrs replicate 3
PRJNA1279063	SRR34026572	SAMN49375721	NA	NA	NA	NA	FM6-48-17	NA	isolate:AAUFM44; host:Eleusine coracana; collection date:2020-01; geo loc name:USA; sample type:tissue sample; specimen voucher:EGFP-E2 infection at 48 hrs replicate 2
PRJNA1279063	SRR34026573	SAMN49375720	NA	NA	NA	NA	FM6-48-16	NA	isolate:AAUFM44; host:Eleusine coracana; collection date:2020-01; geo loc name:USA; sample type:tissue sample; specimen voucher:EGFP-E2 infection at 48 hrs replicate 1
PRJNA1279063	SRR34026574	SAMN49375719	NA	NA	NA	NA	FM6-30M-12	NA	isolate:AAUFM44; host:Eleusine coracana; collection date:2020-01; geo loc name:USA; sample type:tissue sample; specimen voucher:EGFP-E2 mock control at 30 hrs replicate 3
PRJNA1279063	SRR34026575	SAMN49375718	NA	NA	NA	NA	FM6-30M-11	NA	isolate:AAUFM44; host:Eleusine coracana; collection date:2020-01; geo loc name:USA; sample type:tissue sample; specimen voucher:EGFP-E2 mock control at 30 hrs replicate 2
PRJNA1279063	SRR34026577	SAMN49375717	NA	NA	NA	NA	FM6-30M-10	NA	isolate:AAUFM44; host:Eleusine coracana; collection date:2020-01; geo loc name:USA; sample type:tissue sample; specimen voucher:EGFP-E2 mock control at 30 hrs replicate 1
PRJNA1279063	SRR34026578	SAMN49375716	NA	NA	NA	NA	FM6-30-15	NA	isolate:AAUFM44; host:Eleusine coracana; collection date:2020-01; geo loc name:USA; sample type:tissue sample; specimen voucher:EGFP-E2 infection at 30 hrs replicate 3
PRJNA1279063	SRR34026579	SAMN49375715	NA	NA	NA	NA	FM6-30-14	NA	isolate:AAUFM44; host:Eleusine coracana; collection date:2020-01; geo loc name:USA; sample type:tissue sample; specimen voucher:EGFP-E2 infection at 30 hrs replicate 2
PRJNA1279063	SRR34026580	SAMN49375714	NA	NA	NA	NA	FM6-30-13	NA	isolate:AAUFM44; host:Eleusine coracana; collection date:2020-01; geo loc name:USA; sample type:tissue sample; specimen voucher:EGFP-E2 infection at 30 hrs replicate 1
PRJNA1279063	SRR34026581	SAMN49375713	NA	NA	NA	NA	FM17-48M-27	NA	isolate:TZA1637; host:Eleusine coracana; collection date:2020-01; geo loc name:USA; sample type:tissue sample; specimen voucher:EGFP-E2 mock control at 48 hrs replicate 3
PRJNA1279063	SRR34026582	SAMN49375712	NA	NA	NA	NA	FM17-48M-26	NA	isolate:TZA1637; host:Eleusine coracana; collection date:2020-01; geo loc name:USA; sample type:tissue sample; specimen voucher:EGFP-E2 mock control at 48 hrs replicate 2
PRJNA1279063	SRR34026583	SAMN49375711	NA	NA	NA	NA	FM17-48M-25	NA	isolate:TZA1637; host:Eleusine coracana; collection date:2020-01; geo loc name:USA; sample type:tissue sample; specimen voucher:EGFP-E2 mock control at 48 hrs replicate 1
PRJNA1279063	SRR34026584	SAMN49375710	NA	NA	NA	NA	FM17-48-24	NA	isolate:TZA1637; host:Eleusine coracana; collection date:2020-01; geo loc name:USA; sample type:tissue sample; specimen voucher:EGFP-E2 infection at 48 hrs replicate 3
PRJNA1279063	SRR34026585	SAMN49375709	NA	NA	NA	NA	FM17-48-23	NA	isolate:TZA1637; host:Eleusine coracana; collection date:2020-01; geo loc name:USA; sample type:tissue sample; specimen voucher:EGFP-E2 infection at 48 hrs replicate 2
PRJNA1279063	SRR34026586	SAMN49375708	NA	NA	NA	NA	FM17-48-22	NA	isolate:TZA1637; host:Eleusine coracana; collection date:2020-01; geo loc name:USA; sample type:tissue sample; specimen voucher:EGFP-E2 infection at 48 hrs replicate 1
PRJNA1279063	SRR34026588	SAMN49375707	NA	NA	NA	NA	FM17-30M-6	NA	isolate:TZA1637; host:Eleusine coracana; collection date:2020-01; geo loc name:USA; sample type:tissue sample; specimen voucher:EGFP-E2 mock control at 30 hrs replicate 3
PRJNA1279063	SRR34026589	SAMN49375706	NA	NA	NA	NA	FM17-30M-5	NA	isolate:TZA1637; host:Eleusine coracana; collection date:2020-01; geo loc name:USA; sample type:tissue sample; specimen voucher:EGFP-E2 mock control at 30 hrs replicate 2
PRJNA1279063	SRR34026590	SAMN49375705	NA	NA	NA	NA	FM17-30M-4	NA	isolate:TZA1637; host:Eleusine coracana; collection date:2020-01; geo loc name:USA; sample type:tissue sample; specimen voucher:EGFP-E2 mock control at 30 hrs replicate 1
PRJNA1279063	SRR34026591	SAMN49375704	NA	NA	NA	NA	FM17-30-9	NA	isolate:TZA1637; host:Eleusine coracana; collection date:2020-01; geo loc name:USA; sample type:tissue sample; specimen voucher:EGFP-E2 infection at 30 hrs replicate 3
PRJNA1279063	SRR34026592	SAMN49375703	NA	NA	NA	NA	FM17-30-8	NA	isolate:TZA1637; host:Eleusine coracana; collection date:2020-01; geo loc name:USA; sample type:tissue sample; specimen voucher:EGFP-E2 infection at 30 hrs replicate 2
PRJNA1279063	SRR34026593	SAMN49375702	NA	NA	NA	NA	FM17-30-7	NA	isolate:TZA1637; host:Eleusine coracana; collection date:2020-01; geo loc name:USA; sample type:tissue sample; specimen voucher:EGFP-E2 infection at 30 hrs replicate 1
PRJNA229808	SRR3977085	SAMN02420128	NA	NA	NA	ICRISAT IE6537	IE6537-S2	NA	strain:ICRISAT IE6537; cultivar:ICRISAT IE6537; label:IE6537 control rep 02; age:26 days after sowing  plus 6 days; tissue type:shoot base including young leaves and meristem; sub species:coracana
PRJNA338521	SRR4021829	SAMN04849255	NA	NA	vegetative	ML-365	ML-365	NA	cultivar:ML-365; collection-date:2015-03; dev stage:Vegetative; geo loc name:India: Bangalore; tissue-type:leaf; lat lon:13.0887 N 77.5765 E; sub species:coracana
PRJNA338521	SRR4021830	SAMN04849255	NA	NA	vegetative	ML-365	ML-365	NA	cultivar:ML-365; collection-date:2015-03; dev stage:Vegetative; geo loc name:India: Bangalore; tissue-type:leaf; lat lon:13.0887 N 77.5765 E; sub species:coracana
PRJNA377606	SRR5341138	SAMN06473069	NA	roots	NA	KNE796	Mid_Mature_Roots	NA	isolate:260bp 1; cultivar:KNE796; ecotype:not collected; age:not collected; dev stage:not collected; geo loc name:Kenya: Nairobi; tissue:Roots
PRJNA377606	SRR5341139	SAMN06473070	NA	leaf	NA	KNE796	Mature_Leaves	NA	isolate:260bp 2; cultivar:KNE796; ecotype:not collected; age:not collected; dev stage:not collected; geo loc name:Kenya: Nairobi; tissue:Leaves
PRJNA377606	SRR5341140	SAMN06473071	NA	leaf	NA	KNE796	Young_Leaves	NA	isolate:260bp 3; cultivar:KNE796; ecotype:not collected; age:not collected; dev stage:not collected; geo loc name:Kenya: Nairobi; tissue:Leaves
PRJNA377606	SRR5341141	SAMN06473072	NA	stems	NA	KNE796	Mature_stems	NA	isolate:260bp 4; cultivar:KNE796; ecotype:not collected; age:not collected; dev stage:not collected; geo loc name:Kenya: Nairobi; tissue:Stems
PRJNA377606	SRR5341142	SAMN06473073	NA	stems	NA	KNE796	Young_stems	NA	isolate:260bp 5; cultivar:KNE796; ecotype:not collected; age:not collected; dev stage:not collected; geo loc name:Kenya: Nairobi; tissue:Stems
PRJNA377606	SRR5341143	SAMN06473074	NA	seed	NA	KNE796	Seed	NA	isolate:200bp 1; cultivar:KNE796; ecotype:not collected; age:not collected; dev stage:not collected; geo loc name:Kenya: Nairobi; tissue:seed
PRJNA377606	SRR5341144	SAMN06473075	NA	flower	NA	KNE796	Earlyflower	NA	isolate:200bp 2; cultivar:KNE796; ecotype:not collected; age:not collected; dev stage:not collected; geo loc name:Kenya: Nairobi; tissue:Flower
PRJNA377606	SRR5341145	SAMN06473076	NA	leaf	NA	KNE796	Mid_mature_leaves	NA	isolate:200bp 3; cultivar:KNE796; ecotype:not collected; age:not collected; dev stage:not collected; geo loc name:Kenya: Nairobi; tissue:Leaves
PRJNA377606	SRR5341146	SAMN06473077	NA	stems	NA	KNE796	Mid_mature_stems	NA	isolate:200bp 4; cultivar:KNE796; ecotype:not collected; age:not collected; dev stage:not collected; geo loc name:Kenya: Nairobi; tissue:Stems
PRJNA377606	SRR5341147	SAMN06473078	NA	leaf	NA	KNE796	Young_Leaves2	NA	isolate:200bp 5; cultivar:KNE796; ecotype:not collected; age:not collected; dev stage:not collected; geo loc name:Kenya: Nairobi; tissue:Leaves
PRJNA377606	SRR5341148	SAMN06473079	NA	stems	NA	KNE796	Young_stems2	NA	isolate:200bp 6; cultivar:KNE796; ecotype:not collected; age:not collected; dev stage:not collected; geo loc name:Kenya: Nairobi; tissue:Stems
PRJNA384094	SRR5468572	SAMN06829588	NA	seedling	NA	NA	Eleusine_Africana	NA	isolate:total seedlings; age:four weeks; geo loc name:missing; tissue:total seedlings; sub species:africana
PRJNA384094	SRR5468573	SAMN06829589	NA	seedling	NA	NA	Eleusine_Coracana	NA	isolate:total seedlings; age:four weeks; geo loc name:missing; tissue:total seedlings; sub species:coracana
PRJNA449118	SRR6984602	SAMN08887560	NA	seedling	fully developed	NA	E.coracana_Synthetic_B_genome	NA	isolate:plant seedlings; dev stage:fully developed; geo loc name:USA; tissue:plant seedlings
PRJNA449117	SRR6984636	SAMN08887559	NA	seedling	fully developed	NA	Eleusine_coracana_synthetic_A_genome	NA	isolate:plant seedlings; dev stage:fully developed; geo loc name:USA; tissue:plant seedlings
PRJNA473251	SRR7223711	SAMN09269445	NA	seedling	fully developed	NA	Eleusine_africana_Synthetic_A_transcriptome	NA	isolate:plant seedlings; dev stage:fully developed; geo loc name:not applicable; tissue:plant seedlings; sub species:africana
PRJNA473252	SRR7223712	SAMN09269446	NA	seedling	fully developed	NA	E.africana_Synthetic_B_genome	NA	isolate:plant seedlings; dev stage:fully developed; geo loc name:not applicable; tissue:plant seedlings; sub species:africana
