BioProject	SRA	Biosample	treatment	tissue	stage	cultivar	code	temperature	attributes
PRJNA604026	SRR10991573	SAMN13948223	NA	NA	NA	Nipponbare	GSM4290986	NA	source_name:3-week-old_seedling;cultivar:Nipponbare
PRJNA604026	SRR10991574	SAMN13948222	NA	NA	NA	Nipponbare	GSM4290987	NA	source_name:3-week-old_seedling;cultivar:Nipponbare
PRJNA604026	SRR10991575	SAMN13948221	NA	NA	NA	Nipponbare	GSM4290988	NA	source_name:3-week-old_seedling;cultivar:Nipponbare
PRJNA604026	SRR10991576	SAMN13948220	NA	NA	NA	Nipponbare	GSM4290989	NA	source_name:3-week-old_seedling;cultivar:Nipponbare
PRJNA604026	SRR10991577	SAMN13948219	NA	NA	NA	Nipponbare	GSM4290990	NA	source_name:3-week-old_seedling;cultivar:Nipponbare
PRJNA604026	SRR10991578	SAMN13948218	NA	NA	NA	Nipponbare	GSM4290991	NA	source_name:3-week-old_seedling;cultivar:Nipponbare
PRJNA631555	SRR11784188	SAMN14883675	NA	anther	NA	NA	AP1	NA	strain:not_collected;isolate:missing;breed:nipponbare;cultivar:not_collected;ecotype:missing;age:not_collected;dev_stage:missing;sex:male;tissue:anther
PRJNA631555	SRR11784189	SAMN14883674	NA	anther	NA	NA	WT	NA	strain:not_applicable;isolate:missing;breed:nipponbare;cultivar:missing;ecotype:not_applicable;age:missing;dev_stage:not_applicable;sex:male;tissue:anther
PRJNA262032	SRR1618546	SAMN03079341	NA	anther	NA	Nipponbare (EFO 0007587)	anthers	NA	ENA_first_public:2016-05-20;ENA_last_update:2016-05-20;ENA-CHECKLIST:ERC000035;External_Id:SAMEA3998141;INSDC_center_alias:ENA;INSDC_center_name:ENA;INSDC_first_public:2016-05-20T16:38:06Z;INSDC_last_update:2016-05-20T15:56:30Z;INSDC_status:public;Submitter_Id:SRR1618546_SAMN03079341;common_name:Japanese_rice;cultivar:Nipponbare_(EFO_0007587);experimental_factor_1:organism_part;organism_part:anther_(EFO_0005101);recurated_from:SAMN03079341;sample_name:SRR1618546_SAMN03079341;sampling_time_point:before_flowering;cultivar:Nipponbare;biomaterial_provider:Guangdong_Academy_Of_Agricultural_Sciences;tissue:anthers;geo_loc_name:missing;age:missing
PRJNA262032	SRR1618547	SAMN03079342	NA	pistils	NA	Nipponbare (EFO 0007587)	pistils	NA	ENA_first_public:2016-05-20;ENA_last_update:2016-05-20;ENA-CHECKLIST:ERC000035;External_Id:SAMEA3998142;INSDC_center_alias:ENA;INSDC_center_name:ENA;INSDC_first_public:2016-05-20T16:38:06Z;INSDC_last_update:2016-05-20T15:56:30Z;INSDC_status:public;Submitter_Id:SRR1618547_SAMN03079342;common_name:Japanese_rice;cultivar:Nipponbare_(EFO_0007587);experimental_factor_1:organism_part;organism_part:carpel_(EFO_0001051);recurated_from:SAMN03079342;sample_name:SRR1618547_SAMN03079342;sampling_time_point:before_flowering;cultivar:Nipponbare;biomaterial_provider:Guangdong_Academy_Of_Agricultural_Sciences;tissue:pistils;geo_loc_name:missing;age:missing
PRJNA262032	SRR1618548	SAMN03079343	NA	seeds 5 days after pollination	NA	Nipponbare (EFO 0007587)	seeds_5DAP	NA	ENA_first_public:2016-05-20;ENA_last_update:2016-05-20;ENA-CHECKLIST:ERC000035;External_Id:SAMEA3998143;INSDC_center_alias:ENA;INSDC_center_name:ENA;INSDC_first_public:2016-05-20T16:38:06Z;INSDC_last_update:2016-05-20T15:56:30Z;INSDC_status:public;Submitter_Id:SRR1618548_SAMN03079343;common_name:Japanese_rice;cultivar:Nipponbare_(EFO_0007587);experimental_factor_1:organism_part;organism_part:seed_(EFO_0000991);recurated_from:SAMN03079343;sample_name:SRR1618548_SAMN03079343;sampling_time_point:5_days_after_pollination_(EFO_0000991);cultivar:Nipponbare;biomaterial_provider:Guangdong_Academy_Of_Agricultural_Sciences;tissue:seeds_5_days_after_pollination;geo_loc_name:missing;age:missing
PRJNA773224	SRR16526863	SAMN22452877	NA	young panicles	young panicle stage	Nipponbare	WT-YP_rep1	NA	isolate:RNA;cultivar:Nip;dev_stage:Young_panicle_stage;geo_loc_name:China:Wuhan;tissue:Young_panicles;replicate:biological_replicate_1
PRJNA773224	SRR16526864	SAMN22452876	NA	flag leaf	flag leaf stage	Nipponbare	WT-FL_rep3	NA	isolate:RNA;cultivar:Nip;dev_stage:Flag_leaf_stage;geo_loc_name:China:Wuhan;tissue:Flag_leaves;replicate:biological_replicate_3
PRJNA773224	SRR16526865	SAMN22452875	NA	flag leaf	flag leaf stage	Nipponbare	WT-FL_rep2	NA	isolate:RNA;cultivar:Nip;dev_stage:Flag_leaf_stage;geo_loc_name:China:Wuhan;tissue:Flag_leaves;replicate:biological_replicate_2
PRJNA773224	SRR16526866	SAMN22452874	NA	flag leaf	flag leaf stage	Nipponbare	WT-FL_rep1	NA	isolate:RNA;cultivar:Nip;dev_stage:Flag_leaf_stage;geo_loc_name:China:Wuhan;tissue:Flag_leaves;replicate:biological_replicate_1
PRJNA773224	SRR16526871	SAMN22452879	NA	young panicles	young panicle stage	Nipponbare	WT-YP_rep3	NA	isolate:RNA;cultivar:Nip;dev_stage:Young_panicle_stage;geo_loc_name:China:Wuhan;tissue:Young_panicles;replicate:biological_replicate_3
PRJNA773224	SRR16526872	SAMN22452878	NA	young panicles	young panicle stage	Nipponbare	WT-YP_rep2	NA	isolate:RNA;cultivar:Nip;dev_stage:Young_panicle_stage;geo_loc_name:China:Wuhan;tissue:Young_panicles;replicate:biological_replicate_2
PRJNA786704	SRR17151219	SAMN23710264	NA	endosprm	autonomoust endosperm	Nipponbare	AutoEN3	NA	cultivar:Nipponbare;dev_stage:autonomoust_endosperm;geo_loc_name:Australia:_Canberra;tissue:endosprm;replicate:replicate3
PRJNA827493	SRR18827797	SAMN27611118	NA	leaf	seedling	Nipponbare	Oryza_sativa_Japonica_Group	NA	cultivar:Nipponbare;dev_stage:the_rice_seedling_stage;geo_loc_name:Japan;tissue:rice_leaf_tissues
PRJNA827493	SRR18827798	SAMN27611118	NA	leaf	seedling	Nipponbare	Oryza_sativa_Japonica_Group	NA	cultivar:Nipponbare;dev_stage:the_rice_seedling_stage;geo_loc_name:Japan;tissue:rice_leaf_tissues
PRJNA827493	SRR18827799	SAMN27611118	NA	leaf	seedling	Nipponbare	Oryza_sativa_Japonica_Group	NA	cultivar:Nipponbare;dev_stage:the_rice_seedling_stage;geo_loc_name:Japan;tissue:rice_leaf_tissues
PRJNA827493	SRR18827800	SAMN27611118	NA	leaf	seedling	Nipponbare	Oryza_sativa_Japonica_Group	NA	cultivar:Nipponbare;dev_stage:the_rice_seedling_stage;geo_loc_name:Japan;tissue:rice_leaf_tissues
PRJNA827493	SRR18827805	SAMN27611118	NA	leaf	seedling	Nipponbare	Oryza_sativa_Japonica_Group	NA	cultivar:Nipponbare;dev_stage:the_rice_seedling_stage;geo_loc_name:Japan;tissue:rice_leaf_tissues
PRJNA827493	SRR18827806	SAMN27611118	NA	leaf	seedling	Nipponbare	Oryza_sativa_Japonica_Group	NA	cultivar:Nipponbare;dev_stage:the_rice_seedling_stage;geo_loc_name:Japan;tissue:rice_leaf_tissues
PRJNA847798	SRR19614426	SAMN28958141	NA	seed	dormancy and desiccation tolerance stage	Nipponbare	SQnip3	NA	isolate:rice_seed;cultivar:Nipponbare;ecotype:seed_dormancy;age:22DAP;dev_stage:dormancy_and_desiccation_tolerance_stage;geo_loc_name:China:_Changsha;tissue:seed;tmp:WT3
PRJNA847798	SRR19614427	SAMN28958140	NA	seed	dormancy and desiccation tolerance stage	Nipponbare	CYnip2	NA	isolate:rice_seed;cultivar:Nipponbare;ecotype:seed_dormancy;age:22DAP;dev_stage:dormancy_and_desiccation_tolerance_stage;geo_loc_name:China:_Changsha;tissue:seed;tmp:WT2
PRJNA847798	SRR19614428	SAMN28958139	NA	seed	dormancy and desiccation tolerance stage	Nipponbare	SXnip1	NA	isolate:rice_seed;cultivar:Nipponbare;ecotype:seed_dormancy;age:22DAP;dev_stage:dormancy_and_desiccation_tolerance_stage;geo_loc_name:China:_Changsha;tissue:seed;tmp:WT1
PRJNA1011474	SRR25884981	SAMN37176126	NA	leaf	NA	Nipponbare	Cold-NIP-1	NA	cultivar:Nipponbare;age:8-day-old;collection_date:2022-07-10;geo_loc_name:China:_Hangzhou;tissue:leaf
PRJNA1011474	SRR25884988	SAMN37176119	NA	leaf	NA	Nipponbare	CK-NIP-3	NA	cultivar:Nipponbare;age:8-day-old;collection_date:2022-07-03;geo_loc_name:China:_Hangzhou;tissue:leaf
PRJNA1011474	SRR25884995	SAMN37176128	NA	leaf	NA	Nipponbare	Cold-NIP-3	NA	cultivar:Nipponbare;age:8-day-old;collection_date:2022-07-12;geo_loc_name:China:_Hangzhou;tissue:leaf
PRJNA1011474	SRR25884996	SAMN37176127	NA	leaf	NA	Nipponbare	Cold-NIP-2	NA	cultivar:Nipponbare;age:8-day-old;collection_date:2022-07-11;geo_loc_name:China:_Hangzhou;tissue:leaf
PRJNA1011474	SRR25884997	SAMN37176118	NA	leaf	NA	Nipponbare	CK-NIP-2	NA	cultivar:Nipponbare;age:8-day-old;collection_date:2022-07-02;geo_loc_name:China:_Hangzhou;tissue:leaf
PRJNA1011474	SRR25884998	SAMN37176117	NA	leaf	NA	Nipponbare	CK-NIP-1	NA	cultivar:Nipponbare;age:8-day-old;collection_date:2022-07-01;geo_loc_name:China:_Hangzhou;tissue:leaf
PRJNA1037192	SRR26772159	SAMN38166868	NA	leaf	seedling	NA	Nip-0h-1	NA	cultivar:not_collected;dev_stage:seeding;collection_date:not_collected;geo_loc_name:China;tissue:leaf
PRJNA1037192	SRR26772167	SAMN38167041	NA	leaf	seedling	NA	Nip-24h-3	NA	cultivar:not_collected;dev_stage:seeding;collection_date:not_collected;geo_loc_name:China;tissue:leaf
PRJNA1037192	SRR26772168	SAMN38167674	NA	leaf	seedling	NA	Nip_24h_2	NA	cultivar:not_collected;dev_stage:seeding;collection_date:not_collected;geo_loc_name:China;tissue:leaf
PRJNA1037192	SRR26772169	SAMN38167014	NA	leaf	seedling	NA	Nip-24h-1	NA	cultivar:not_collected;dev_stage:seeding;collection_date:not_collected;geo_loc_name:China;tissue:leaf
PRJNA1037192	SRR26772170	SAMN38167673	NA	leaf	seedling	NA	Nip_12h_3	NA	cultivar:not_collected;dev_stage:seeding;collection_date:not_collected;geo_loc_name:China;tissue:leaf
PRJNA1037192	SRR26772171	SAMN38167008	NA	leaf	seedling	NA	Nip-12h-2	NA	cultivar:not_collected;dev_stage:seeding;collection_date:not_collected;geo_loc_name:China;tissue:leaf
PRJNA1037192	SRR26772172	SAMN38167007	NA	leaf	seedling	NA	Nip-12h-1	NA	cultivar:not_collected;dev_stage:seeding;collection_date:not_collected;geo_loc_name:China;tissue:leaf
PRJNA1037192	SRR26772173	SAMN38166870	NA	leaf	seedling	NA	Nip-0h-3	NA	cultivar:not_collected;dev_stage:seeding;collection_date:not_collected;geo_loc_name:China;tissue:leaf
PRJNA1037192	SRR26772174	SAMN38166869	NA	leaf	seedling	NA	Nip-0h-2	NA	cultivar:not_collected;dev_stage:seeding;collection_date:not_collected;geo_loc_name:China;tissue:leaf
PRJNA451248	SRR7059295	SAMN08965224	3% O2 treatment 6h	seed	mature seeds	Nipponbare	Hypoxia_6h_2	NA	cultivar:Nipponbare;ecotype:Japonica;age:freshly_harvest;dev_stage:mature_seeds;geo_loc_name:Not_collected;tissue:Seeds;treatment:3%_O2_treatment_6h_biological_replicate_2
PRJNA451248	SRR7059296	SAMN08965225	3% O2 treatment 6h	seed	mature seeds	Nipponbare	Hypoxia_6h_3	NA	cultivar:Nipponbare;ecotype:Japonica;age:freshly_harvest;dev_stage:mature_seeds;geo_loc_name:Not_collected;tissue:Seeds;treatment:3%_O2_treatment_6h_biological_replicate_3
PRJNA451248	SRR7059297	SAMN08965220	Air control 6h	seed	mature seeds	Nipponbare	Air_6h_1	NA	cultivar:Nipponbare;ecotype:Japonica;age:freshly_harvest;dev_stage:mature_seeds;geo_loc_name:Not_collected;tissue:Seeds;treatment:Air_control_6h_biological_replicate_1
PRJNA451248	SRR7059298	SAMN08965221	Air control 6h	seed	mature seeds	Nipponbare	Air_6h_2	NA	cultivar:Nipponbare;ecotype:Japonica;age:freshly_harvest;dev_stage:mature_seeds;geo_loc_name:Not_collected;tissue:Seeds;treatment:Air_control_6h_biological_replicate_2
PRJNA451248	SRR7059299	SAMN08965222	Air control 6h	seed	mature seeds	Nipponbare	Air_6h_3	NA	cultivar:Nipponbare;ecotype:Japonica;age:freshly_harvest;dev_stage:mature_seeds;geo_loc_name:Not_collected;tissue:Seeds;treatment:Air_control_6h_biological_replicate_3
PRJNA451248	SRR7059300	SAMN08965223	3% O2 treatment 6h	seed	mature seeds	Nipponbare	Hypoxia_6h_1	NA	cultivar:Nipponbare;ecotype:Japonica;age:freshly_harvest;dev_stage:mature_seeds;geo_loc_name:Not_collected;tissue:Seeds;treatment:3%_O2_treatment_6h_biological_replicate_1
PRJNA482217	SRR7974059	SAMN10169498	NA	seed	mature seeds	Nipponbare	Seed_2	NA	cultivar:Nipponbare;ecotype:Japonica;age:freshly_harvest;dev_stage:mature_seeds;geo_loc_name:Not_collected;tissue:Seed;treatment:seed_replicate_2
PRJNA482217	SRR7974062	SAMN10169497	NA	seed	mature seeds	Nipponbare	Seed_1	NA	cultivar:Nipponbare;ecotype:Japonica;age:freshly_harvest;dev_stage:mature_seeds;geo_loc_name:Not_collected;tissue:Seed;treatment:seed_replicate_1
PRJNA482217	SRR8051546	SAMN10169514	NA	flower	flower	Nipponbare	Flower_3	NA	cultivar:Nipponbare;ecotype:Japonica;age:freshly_harvest;dev_stage:flower;geo_loc_name:Not_collected;tissue:Flower;treatment:flower_replicate_3
PRJNA482217	SRR8051547	SAMN10169513	NA	flower	flower	Nipponbare	Flower_2	NA	cultivar:Nipponbare;ecotype:Japonica;age:freshly_harvest;dev_stage:flower;geo_loc_name:Not_collected;tissue:Flower;treatment:flower_replicate_2
PRJNA482217	SRR8051548	SAMN10169510	NA	seedling	seedling	Nipponbare	Seedling_2	NA	cultivar:Nipponbare;ecotype:Japonica;age:freshly_harvest;dev_stage:seedling;geo_loc_name:Not_collected;tissue:Seedling;treatment:seedling_replicate_2
PRJNA482217	SRR8051549	SAMN10169509	NA	seedling	seedling	Nipponbare	Seedling_1	NA	cultivar:Nipponbare;ecotype:Japonica;age:freshly_harvest;dev_stage:seedling;geo_loc_name:Not_collected;tissue:Seedling;treatment:seedling_replicate_1
PRJNA482217	SRR8051550	SAMN10169512	NA	flower	flower	Nipponbare	Flower_1	NA	cultivar:Nipponbare;ecotype:Japonica;age:freshly_harvest;dev_stage:flower;geo_loc_name:Not_collected;tissue:Flower;treatment:flower_replicate_1
PRJNA482217	SRR8051551	SAMN10169511	NA	seedling	seedling	Nipponbare	Seedling_3	NA	cultivar:Nipponbare;ecotype:Japonica;age:freshly_harvest;dev_stage:seedling;geo_loc_name:Not_collected;tissue:Seedling;treatment:seedling_replicate_3
PRJNA482217	SRR8051552	SAMN10169508	NA	stem	stem	Nipponbare	Stem_3	NA	cultivar:Nipponbare;ecotype:Japonica;age:freshly_harvest;dev_stage:stem;geo_loc_name:Not_collected;tissue:Stem;treatment:stem_replicate_3
PRJNA482217	SRR8051553	SAMN10169507	NA	stem	stem	Nipponbare	Stem_2	NA	cultivar:Nipponbare;ecotype:Japonica;age:freshly_harvest;dev_stage:stem;geo_loc_name:Not_collected;tissue:Stem;treatment:stem_replicate_2
PRJNA482217	SRR8051554	SAMN10169506	NA	stem	stem	Nipponbare	Stem_1	NA	cultivar:Nipponbare;ecotype:Japonica;age:freshly_harvest;dev_stage:stem;geo_loc_name:Not_collected;tissue:Stem;treatment:stem_replicate_1
PRJNA482217	SRR8051556	SAMN10169504	NA	flag leaf	flag leaf stage	Nipponbare	Leaf_2	NA	cultivar:Nipponbare;ecotype:Japonica;age:freshly_harvest;dev_stage:flag_leaf;geo_loc_name:Not_collected;tissue:Flag_Leaf;treatment:leaf_replicate_2
PRJNA482217	SRR8051557	SAMN10169503	NA	flag leaf	flag leaf stage	Nipponbare	Leaf_1	NA	cultivar:Nipponbare;ecotype:Japonica;age:freshly_harvest;dev_stage:flag_leaf;geo_loc_name:Not_collected;tissue:Flag_Leaf;treatment:leaf_replicate_1
PRJNA482217	SRR8051558	SAMN10169502	NA	root	root	Nipponbare	Root_3	NA	cultivar:Nipponbare;ecotype:Japonica;age:freshly_harvest;dev_stage:root;geo_loc_name:Not_collected;tissue:Root;treatment:root_replicate_3
PRJNA482217	SRR8051559	SAMN10169501	NA	root	root	Nipponbare	Root_2	NA	cultivar:Nipponbare;ecotype:Japonica;age:freshly_harvest;dev_stage:root;geo_loc_name:Not_collected;tissue:Root;treatment:root_replicate_2
PRJNA482217	SRR8051560	SAMN10169500	NA	root	root	Nipponbare	Root_1	NA	cultivar:Nipponbare;ecotype:Japonica;age:freshly_harvest;dev_stage:root;geo_loc_name:Not_collected;tissue:Root;treatment:root_replicate_1
PRJNA482217	SRR8051561	SAMN10169499	NA	seed	mature seeds	Nipponbare	Seed_3	NA	cultivar:Nipponbare;ecotype:Japonica;age:freshly_harvest;dev_stage:mature_seeds;geo_loc_name:Not_collected;tissue:Seed;treatment:seed_replicate_3
PRJNA306542	SRR8490271	SAMN10784806	NA	leaf	3-week old seedlings	Nipponbare	WT3	NA	cultivar:Wild_type__Nipponbare;ecotype:lowland;dev_stage:3-week_old_seedlings;geo_loc_name:Japan;tissue:leaf;genotype:WT3
PRJNA306542	SRR8490274	SAMN10784811	NA	leaf	3-week old seedlings	Nipponbare	T-WT2	NA	cultivar:Wild_type__Nipponbare;ecotype:lowland;dev_stage:3-week_old_seedlings;geo_loc_name:Japan;tissue:leaf;genotype:T-WT2
PRJNA306542	SRR8490275	SAMN10784810	NA	leaf	3-week old seedlings	Nipponbare	T-WT1	NA	cultivar:Wild_type__Nipponbare;ecotype:lowland;dev_stage:3-week_old_seedlings;geo_loc_name:Japan;tissue:leaf;genotype:T-WT1
PRJNA306542	SRR8490276	SAMN10784805	NA	leaf	3-week old seedlings	Nipponbare	WT2	NA	cultivar:Wild_type__Nipponbare;ecotype:lowland;dev_stage:3-week_old_seedlings;geo_loc_name:Japan;tissue:leaf;genotype:WT2
PRJNA306542	SRR8490277	SAMN10784804	NA	leaf	3-week old seedlings	Nipponbare	WT1	NA	cultivar:Wild_type__Nipponbare;ecotype:lowland;dev_stage:3-week_old_seedlings;geo_loc_name:Japan;tissue:leaf;genotype:WT1
PRJNA306542	SRR8490281	SAMN10784812	NA	leaf	3-week old seedlings	Nipponbare	T-WT3	NA	cultivar:Wild_type__Nipponbare;ecotype:lowland;dev_stage:3-week_old_seedlings;geo_loc_name:Japan;tissue:leaf;genotype:T-WT3
PRJNA540689	SRR9002107	SAMN11553121	NA	embryo	embryo	Nipponbare	rice_diploid_and_tetraploid_RNAseq	NA	cultivar:Nipponbare;dev_stage:embryo;geo_loc_name:China:_Jilin_province;tissue:embryo
PRJNA540689	SRR9002108	SAMN11553121	NA	embryo	embryo	Nipponbare	rice_diploid_and_tetraploid_RNAseq	NA	cultivar:Nipponbare;dev_stage:embryo;geo_loc_name:China:_Jilin_province;tissue:embryo
PRJNA543951	SRR9106180	SAMN11792040	NA	seed	dry seed	Nipponbare	WT_0h	NA	cultivar:Nipponbare;dev_stage:dry_seed;geo_loc_name:China:Nanjing;tissue:seed
PRJNA543951	SRR9106181	SAMN11792040	NA	seed	dry seed	Nipponbare	WT_0h	NA	cultivar:Nipponbare;dev_stage:dry_seed;geo_loc_name:China:Nanjing;tissue:seed
PRJNA543951	SRR9106182	SAMN11792040	NA	seed	dry seed	Nipponbare	WT_0h	NA	cultivar:Nipponbare;dev_stage:dry_seed;geo_loc_name:China:Nanjing;tissue:seed
PRJNA544406	SRR9117218	SAMN11835503	NA	seed	mature seed imbibition (8h)	Nipponbare	Wild_type	NA	cultivar:Nipponbare;dev_stage:mature_seed_imbibition_(8h);geo_loc_name:Japan;tissue:seed
PRJNA544406	SRR9117219	SAMN11835503	NA	seed	mature seed imbibition (8h)	Nipponbare	Wild_type	NA	cultivar:Nipponbare;dev_stage:mature_seed_imbibition_(8h);geo_loc_name:Japan;tissue:seed
PRJNA544406	SRR9117220	SAMN11835503	NA	seed	mature seed imbibition (8h)	Nipponbare	Wild_type	NA	cultivar:Nipponbare;dev_stage:mature_seed_imbibition_(8h);geo_loc_name:Japan;tissue:seed
PRJNA482217	SRR8051555	SAMN10169505	NA	flag leaf	flag leaf stage	Nipponbare	Leaf_3	NA	cultivar:Nipponbare;ecotype:Japonica;age:freshly_harvest;dev_stage:flag_leaf;geo_loc_name:Not_collected;tissue:Flag_Leaf;treatment:leaf_replicate_3
